,Date,Open
0,2021-02-21 19:00:00,1.582319204427212
1,2021-02-22 19:00:00,1.582319204427212
2,2021-02-23 19:00:00,1.5321907245450659
3,2021-02-24 19:00:00,1.448887038822001
4,2021-02-25 19:00:00,1.2826024876866768
5,2021-02-26 19:00:00,1.1863579118798795
6,2021-02-27 19:00:00,1.210453862636887
7,2021-02-28 19:00:00,1.2059079840730946
8,2021-03-01 19:00:00,1.2516060855305626
9,2021-03-02 19:00:00,1.1298764792122054
10,2021-03-03 19:00:00,1.2366548890076374
11,2021-03-04 19:00:00,1.270935652238824
12,2021-03-05 19:00:00,1.1613374467556365
13,2021-03-06 19:00:00,1.2458852527166782
14,2021-03-07 19:00:00,1.289355263958509
15,2021-03-08 19:00:00,1.1930634196532446
16,2021-03-09 19:00:00,1.203840171801877
17,2021-03-10 19:00:00,1.1663988188938677
18,2021-03-11 19:00:00,1.2745658211565987
19,2021-03-12 19:00:00,1.6886925165566804
20,2021-03-13 19:00:00,1.8869043455148282
21,2021-03-14 20:00:00,1.7375393158985846
22,2021-03-15 20:00:00,1.6960825354457356
23,2021-03-16 20:00:00,1.9499914048345501
24,2021-03-17 20:00:00,2.1300073293226927
25,2021-03-18 20:00:00,2.8437659691148296
26,2021-03-19 20:00:00,2.8631319225205885
27,2021-03-20 20:00:00,3.1171949467523854
28,2021-03-21 20:00:00,3.2850865168624344
29,2021-03-22 20:00:00,3.046419146504173
30,2021-03-23 20:00:00,3.0138109340081876
31,2021-03-24 20:00:00,2.5322626797719545
32,2021-03-25 20:00:00,2.7367826974966785
33,2021-03-26 20:00:00,3.1149317133735352
34,2021-03-27 20:00:00,3.3719824671487415
35,2021-03-28 20:00:00,3.373854785291214
36,2021-03-29 20:00:00,3.6198589994245034
37,2021-03-30 20:00:00,4.220884972259158
38,2021-03-31 20:00:00,3.5849728719640788
39,2021-04-01 20:00:00,3.296887285700774
40,2021-04-02 20:00:00,3.1397205665365835
41,2021-04-03 20:00:00,2.7294202443655458
42,2021-04-04 20:00:00,3.1414583035188683
43,2021-04-05 20:00:00,2.7820338336157238
44,2021-04-06 20:00:00,2.5977015235600356
45,2021-04-07 20:00:00,2.4443452255698745
46,2021-04-08 20:00:00,2.7553373121091136
47,2021-04-09 20:00:00,2.6685060446469553
48,2021-04-10 20:00:00,3.030148866005009
49,2021-04-11 20:00:00,2.9798727315532783
50,2021-04-12 20:00:00,2.8186472253236277
51,2021-04-13 20:00:00,2.649716944067955
52,2021-04-14 20:00:00,2.608734415338972
53,2021-04-15 20:00:00,2.668517148501113
54,2021-04-16 20:00:00,2.5643629329493347
55,2021-04-17 20:00:00,2.517041132175923
56,2021-04-18 20:00:00,2.2968339270743776
57,2021-04-19 20:00:00,2.149927024975593
58,2021-04-20 20:00:00,2.113610990023645
59,2021-04-21 20:00:00,2.0132981531127085
60,2021-04-22 20:00:00,1.9230880417110805
61,2021-04-23 20:00:00,1.7191912933738187
62,2021-04-24 20:00:00,1.5898620012710116
63,2021-04-25 20:00:00,1.5801748869501246
64,2021-04-26 20:00:00,1.8931511457005994
65,2021-04-27 20:00:00,2.192981817562782
66,2021-04-28 20:00:00,2.2267769874322934
67,2021-04-29 20:00:00,2.483136268574332
68,2021-04-30 20:00:00,2.36421893570994
69,2021-05-01 20:00:00,2.5714649557786626
70,2021-05-02 20:00:00,2.713317222351422
71,2021-05-03 20:00:00,2.6103487915313637
72,2021-05-04 20:00:00,2.289510764314355
73,2021-05-05 20:00:00,2.5069114991932873
74,2021-05-06 20:00:00,2.2773016833942417
75,2021-05-07 20:00:00,2.2164890821283136
76,2021-05-08 20:00:00,2.4476065738155426
77,2021-05-09 20:00:00,2.258608602453701
78,2021-05-10 20:00:00,2.001913871561363
79,2021-05-11 20:00:00,2.0482073855264233
80,2021-05-12 20:00:00,1.697851444336397
81,2021-05-13 20:00:00,1.6655068208967505
82,2021-05-14 20:00:00,1.8180403639875087
83,2021-05-15 20:00:00,1.5988662754069418
84,2021-05-16 20:00:00,1.6009463401418642
85,2021-05-17 20:00:00,1.5130285597428277
86,2021-05-18 20:00:00,1.453144704816642
87,2021-05-19 20:00:00,0.9349807084548458
88,2021-05-20 20:00:00,0.9531696833905311
89,2021-05-21 20:00:00,0.7190258769515796
90,2021-05-22 20:00:00,0.6667856642769913
91,2021-05-23 20:00:00,0.46192066770680984
92,2021-05-24 20:00:00,0.7897118141384616
93,2021-05-25 20:00:00,0.7620577793301053
94,2021-05-26 20:00:00,0.9518535419212347
95,2021-05-27 20:00:00,0.8412073517336323
96,2021-05-28 20:00:00,0.6770934749737805
97,2021-05-29 20:00:00,0.618234684094639
98,2021-05-30 20:00:00,0.6816137552767656
99,2021-05-31 20:00:00,0.8199510175139716
100,2021-06-01 20:00:00,0.7714498121404674
101,2021-06-02 20:00:00,0.8172582175360212
102,2021-06-03 20:00:00,0.8219339358406329
103,2021-06-04 20:00:00,0.7217316354098138
104,2021-06-05 20:00:00,0.6823903712632088
105,2021-06-06 20:00:00,0.698139915750121
106,2021-06-07 20:00:00,0.6046018393307545
107,2021-06-08 20:00:00,0.5751870572402998
108,2021-06-09 20:00:00,0.6211808330756173
109,2021-06-10 20:00:00,0.5526305450330269
110,2021-06-11 20:00:00,0.6814823057214427
111,2021-06-12 20:00:00,0.6049096869750888
112,2021-06-13 20:00:00,0.6266633588656103
113,2021-06-14 20:00:00,0.6362025300598209
114,2021-06-15 20:00:00,0.6241470549467563
115,2021-06-16 20:00:00,0.5745067245907194
116,2021-06-17 20:00:00,0.5696948621486306
117,2021-06-18 20:00:00,0.5115321934194271
118,2021-06-19 20:00:00,0.4919101532717775
119,2021-06-20 20:00:00,0.4856213815145146
120,2021-06-21 20:00:00,0.3660046513684294
121,2021-06-22 20:00:00,0.33689877522648476
122,2021-06-23 20:00:00,0.36673617216418025
123,2021-06-24 20:00:00,0.3856579627497075
124,2021-06-25 20:00:00,0.3285399629449446
125,2021-06-26 20:00:00,0.31389400100378323
126,2021-06-27 20:00:00,0.3730779728075177
127,2021-06-28 20:00:00,0.37298823799831426
128,2021-06-29 20:00:00,0.4870166792638154
129,2021-06-30 20:00:00,0.4628461651294709
130,2021-07-01 20:00:00,0.4119023600007394
131,2021-07-02 20:00:00,0.41250734188006216
132,2021-07-03 20:00:00,0.4195881060709588
133,2021-07-04 20:00:00,0.43031962186168954
134,2021-07-05 20:00:00,0.40023421316184016
135,2021-07-06 20:00:00,0.4227037307371562
136,2021-07-07 20:00:00,0.46018099960995007
137,2021-07-08 20:00:00,0.40812237334172813
138,2021-07-09 20:00:00,0.4189171105891872
139,2021-07-10 20:00:00,0.4247230715723021
140,2021-07-11 20:00:00,0.4633120037127486
141,2021-07-12 20:00:00,0.45546972545742576
142,2021-07-13 20:00:00,0.5212072881885461
143,2021-07-14 20:00:00,0.6247890535194442
144,2021-07-15 20:00:00,0.6212317655988765
145,2021-07-16 20:00:00,0.48108475775060805
146,2021-07-17 20:00:00,0.45418573326402883
147,2021-07-18 20:00:00,0.49989164376984535
148,2021-07-19 20:00:00,0.4295980094919539
149,2021-07-20 20:00:00,0.38989353114679115
150,2021-07-21 20:00:00,0.4338978591444779
151,2021-07-22 20:00:00,0.43911810213522534
152,2021-07-23 20:00:00,0.507950926232324
153,2021-07-24 20:00:00,0.6027828770160469
154,2021-07-25 20:00:00,0.7342501721270513
155,2021-07-26 20:00:00,0.5936923657101094
156,2021-07-27 20:00:00,0.6703417218395865
157,2021-07-28 20:00:00,0.8566347897275088
158,2021-07-29 20:00:00,0.7913676009946611
159,2021-07-30 20:00:00,0.8288432425849033
160,2021-07-31 20:00:00,0.7896927242792139
161,2021-08-01 20:00:00,0.7085417632953271
162,2021-08-02 20:00:00,0.7118231552731229
163,2021-08-03 20:00:00,0.6818129105965883
164,2021-08-04 20:00:00,0.7205081697765892
165,2021-08-05 20:00:00,0.7743523260379817
166,2021-08-06 20:00:00,0.8055951007442584
167,2021-08-07 20:00:00,0.7838124769260344
168,2021-08-08 20:00:00,0.7351901146540581
169,2021-08-09 20:00:00,0.7574628159779467
170,2021-08-10 20:00:00,0.8730433913739597
171,2021-08-11 20:00:00,0.895260901555278
172,2021-08-12 20:00:00,0.875847273366057
173,2021-08-13 20:00:00,0.9869902798660922
174,2021-08-14 20:00:00,0.9345416617188521
175,2021-08-15 20:00:00,0.952341978417694
176,2021-08-16 20:00:00,1.0337324538176358
177,2021-08-17 20:00:00,0.943128330070104
178,2021-08-18 20:00:00,0.933186136167804
179,2021-08-19 20:00:00,0.98167789193777
180,2021-08-20 20:00:00,0.9984934518593026
181,2021-08-21 20:00:00,1.0149261513815142
182,2021-08-22 20:00:00,0.9921866080772976
183,2021-08-23 20:00:00,0.9854049752721599
184,2021-08-24 20:00:00,0.8948580711905372
185,2021-08-25 20:00:00,0.9567248274762861
186,2021-08-26 20:00:00,0.8609538615344964
187,2021-08-27 20:00:00,0.9136197210210273
188,2021-08-28 20:00:00,0.900379514562759
189,2021-08-29 20:00:00,0.9009496368746704
190,2021-08-30 20:00:00,0.8681151084704776
191,2021-08-31 20:00:00,0.8972029865035026
192,2021-09-01 20:00:00,0.9331162535033845
193,2021-09-02 20:00:00,0.9011135713724477
194,2021-09-03 20:00:00,0.8961530905358706
195,2021-09-04 20:00:00,0.9202144510945498
196,2021-09-05 20:00:00,0.9267159054020145
197,2021-09-06 20:00:00,1.1499451877430358
198,2021-09-07 20:00:00,0.8296631399781654
199,2021-09-08 20:00:00,0.7790167798401744
200,2021-09-09 20:00:00,0.7790147508778752
201,2021-09-10 20:00:00,0.7592912362204758
202,2021-09-11 20:00:00,0.8043694790003589
203,2021-09-12 20:00:00,0.8088123195086449
204,2021-09-13 20:00:00,0.7593245692866711
205,2021-09-14 20:00:00,0.7645510819890533
206,2021-09-15 20:00:00,0.8145061822310793
207,2021-09-16 20:00:00,0.7863973623465171
208,2021-09-17 20:00:00,0.7444850183404074
209,2021-09-18 20:00:00,0.8281261949807093
210,2021-09-19 20:00:00,0.7969457628233991
211,2021-09-20 20:00:00,0.6353920560837263
212,2021-09-21 20:00:00,0.5644692607281355
213,2021-09-22 20:00:00,0.6727531622663862
214,2021-09-23 20:00:00,0.6634478018254267
215,2021-09-24 20:00:00,0.6013671164936567
216,2021-09-25 20:00:00,0.6044175829246454
217,2021-09-26 20:00:00,0.5878700172653907
218,2021-09-27 20:00:00,0.5713219621748518
219,2021-09-28 20:00:00,0.552652621257604
220,2021-09-29 20:00:00,0.5606830628218898
221,2021-09-30 20:00:00,0.5663674959806267
222,2021-10-01 20:00:00,0.6791717942635825
223,2021-10-02 20:00:00,0.6463460242906183
224,2021-10-03 20:00:00,0.650074989073778
225,2021-10-04 20:00:00,0.6630850435545895
226,2021-10-05 20:00:00,0.6608138107616709
227,2021-10-06 20:00:00,0.6341323359109247
228,2021-10-07 20:00:00,0.6809626975826514
229,2021-10-08 20:00:00,0.6580955664015181
230,2021-10-09 20:00:00,0.6785754005593082
231,2021-10-10 20:00:00,0.6572235780000517
232,2021-10-11 20:00:00,0.6978535742668082
233,2021-10-12 20:00:00,0.702428110484331
234,2021-10-13 20:00:00,0.6992297811797691
235,2021-10-14 20:00:00,0.7313391309090361
236,2021-10-15 20:00:00,0.7040371435308388
237,2021-10-16 20:00:00,0.7557409905542652
238,2021-10-17 20:00:00,0.7348410457654675
239,2021-10-18 20:00:00,0.7198363001224037
240,2021-10-19 20:00:00,0.7293741298865147
241,2021-10-20 20:00:00,0.7753041201335841
242,2021-10-21 20:00:00,0.8005049076490188
243,2021-10-22 20:00:00,0.8552462315399898
244,2021-10-23 20:00:00,0.8638308678875644
245,2021-10-24 20:00:00,0.8261734784683156
246,2021-10-25 20:00:00,0.8392057166174152
247,2021-10-26 20:00:00,0.8301810777614118
248,2021-10-27 20:00:00,0.7651308912159395
249,2021-10-28 20:00:00,0.8228871065192561
250,2021-10-29 20:00:00,0.8648046574410483
251,2021-10-30 20:00:00,0.9738328812993108
252,2021-10-31 20:00:00,0.9856296516646528
253,2021-11-01 20:00:00,1.0975874913074442
254,2021-11-02 20:00:00,1.3595221510974527
255,2021-11-03 20:00:00,1.3744698346039252
256,2021-11-04 20:00:00,1.4044990487967763
257,2021-11-05 20:00:00,1.5684663519214006
258,2021-11-06 20:00:00,1.6924438413857463
259,2021-11-07 19:00:00,1.7611850437466081
260,2021-11-08 19:00:00,2.0109851949879927
261,2021-11-09 19:00:00,1.8708194187250455
262,2021-11-10 19:00:00,1.6014690081601342
263,2021-11-11 19:00:00,1.7499139386421134
264,2021-11-12 19:00:00,1.7022594352463267
265,2021-11-13 19:00:00,1.6439790861766252
266,2021-11-14 19:00:00,1.707373246572987
267,2021-11-15 19:00:00,1.6540190363592848
268,2021-11-16 19:00:00,1.457597727913804
269,2021-11-17 19:00:00,1.5032766188361915
270,2021-11-18 19:00:00,1.5758953879194562
271,2021-11-19 19:00:00,1.7389934487667784
272,2021-11-20 19:00:00,1.7483838355980788
273,2021-11-21 19:00:00,1.8498837818799247
274,2021-11-22 19:00:00,1.8123725648682498
275,2021-11-23 19:00:00,1.9093150113472008
276,2021-11-24 19:00:00,1.7187163586024903
277,2021-11-25 19:00:00,1.8235488056026854
278,2021-11-26 19:00:00,1.571298469051743
279,2021-11-27 19:00:00,1.6341267383389522
280,2021-11-28 19:00:00,1.7505380411971523
281,2021-11-29 19:00:00,1.7851152039089602
282,2021-11-30 19:00:00,1.8436109048914462
283,2021-12-01 19:00:00,1.8784406421534854
284,2021-12-02 19:00:00,1.7272944076495889
285,2021-12-03 19:00:00,1.624970038669572
286,2021-12-04 19:00:00,1.4142198752521802
287,2021-12-05 19:00:00,1.2545673588711699
288,2021-12-06 19:00:00,1.6055043587216768
289,2021-12-07 19:00:00,1.5483118122370898
290,2021-12-08 19:00:00,1.5656942148284736
291,2021-12-09 19:00:00,1.3157060408097652
292,2021-12-10 19:00:00,1.217956973309047
293,2021-12-11 19:00:00,1.225340612714831
294,2021-12-12 19:00:00,1.2732692934700058
295,2021-12-13 19:00:00,1.0809274106080509
296,2021-12-14 19:00:00,1.2523003233410377
297,2021-12-15 19:00:00,1.3297144767996554
298,2021-12-16 19:00:00,1.2236907307763414
299,2021-12-17 19:00:00,1.2268089926024093
300,2021-12-18 19:00:00,1.2362675072740137
301,2021-12-19 19:00:00,1.162322892947834
302,2021-12-20 19:00:00,1.2013030570868604
303,2021-12-21 19:00:00,1.2043203726815876
304,2021-12-22 19:00:00,1.2047990966586042
305,2021-12-23 19:00:00,1.2865574068028662
306,2021-12-24 19:00:00,1.2226470932542117
307,2021-12-25 19:00:00,1.272226173807025
308,2021-12-26 19:00:00,1.2780665602264105
309,2021-12-27 19:00:00,1.3246855879121757
310,2021-12-28 19:00:00,1.187095427703257
311,2021-12-29 19:00:00,1.1384763067680286
312,2021-12-30 19:00:00,1.124549434789246
313,2021-12-31 19:00:00,1.1349300295571108
314,2022-01-01 19:00:00,1.1737152113171587
315,2022-01-02 19:00:00,1.1662859459284953
316,2022-01-03 19:00:00,1.1473545283987165
317,2022-01-04 19:00:00,1.1401748333975275
318,2022-01-05 19:00:00,1.1253545150652993
319,2022-01-06 19:00:00,1.112685395598492
320,2022-01-07 19:00:00,1.0005769116239822
321,2022-01-08 19:00:00,1.0125345597052129
322,2022-01-09 19:00:00,1.0156388061792634
323,2022-01-10 19:00:00,0.9387803225118758
324,2022-01-11 19:00:00,0.9686688785943983
325,2022-01-12 19:00:00,1.1635664327885973
326,2022-01-13 19:00:00,1.087248822233
327,2022-01-14 19:00:00,1.0910102285667784
328,2022-01-15 19:00:00,1.1231090185219663
329,2022-01-16 19:00:00,1.0856044778904546
330,2022-01-17 19:00:00,1.0122430470777992
331,2022-01-18 19:00:00,0.9927467683888612
332,2022-01-19 19:00:00,0.9391053203393679
333,2022-01-20 19:00:00,0.8856268442224192
334,2022-01-21 19:00:00,0.7373031992369412
335,2022-01-22 19:00:00,0.6298410131338565
336,2022-01-23 19:00:00,0.6602027314011347
337,2022-01-24 19:00:00,0.6665040695298615
338,2022-01-25 19:00:00,0.6750046571905725
339,2022-01-26 19:00:00,0.6684914807553803
340,2022-01-27 19:00:00,0.6493845507454608
341,2022-01-28 19:00:00,0.6460796795733308
342,2022-01-29 19:00:00,0.6585456488289567
343,2022-01-30 19:00:00,0.6349758254934137
344,2022-01-31 19:00:00,0.6407153287463085
345,2022-02-01 19:00:00,0.7071507446821267
346,2022-02-02 19:00:00,0.6395258901778241
347,2022-02-03 19:00:00,0.6636874021680597
348,2022-02-04 19:00:00,0.794152245295883
349,2022-02-05 19:00:00,0.7711501297372083
350,2022-02-06 19:00:00,0.8261520295617294
351,2022-02-07 19:00:00,0.9432870166254923
352,2022-02-08 19:00:00,1.0757172622155964
353,2022-02-09 19:00:00,1.0973266906200088
354,2022-02-10 19:00:00,1.0041635963709763
355,2022-02-11 19:00:00,0.92591427728178
356,2022-02-12 19:00:00,0.9375403281956218
357,2022-02-13 19:00:00,0.9098873067566892
358,2022-02-14 19:00:00,0.9345209665521128
359,2022-02-15 19:00:00,1.1055829169004698
360,2022-02-16 19:00:00,1.0450569187157415
361,2022-02-17 19:00:00,0.9374694737629627
362,2022-02-18 19:00:00,0.8841335170249175
363,2022-02-19 19:00:00,0.8491515580501263
364,2022-02-20 19:00:00,0.7851920881772488
365,2022-02-21 19:00:00,0.7152190857759329
366,2022-02-22 19:00:00,0.7160070670277767
367,2022-02-23 19:00:00,0.6800264100496675
368,2022-02-24 19:00:00,0.6469183963835645
369,2022-02-25 19:00:00,0.7288591108654123
370,2022-02-26 19:00:00,0.7023226745034588
371,2022-02-27 19:00:00,0.673607673809978
372,2022-02-28 19:00:00,0.7508580627519125
373,2022-03-01 19:00:00,0.7760991796696922
374,2022-03-02 19:00:00,0.7465799550411191
375,2022-03-03 19:00:00,0.7183337410155786
376,2022-03-04 19:00:00,0.6442792814725257
377,2022-03-05 19:00:00,0.6637302996950396
378,2022-03-06 19:00:00,0.6366961329524011
379,2022-03-07 19:00:00,0.5953219548375716
380,2022-03-08 19:00:00,0.5924313220649268
381,2022-03-09 19:00:00,0.6530912834740162
382,2022-03-10 19:00:00,0.6112306534713614
383,2022-03-11 19:00:00,0.5886634420899493
384,2022-03-12 19:00:00,0.5924930987162509
385,2022-03-13 20:00:00,0.5746214413593906
386,2022-03-14 20:00:00,0.5881224766421363
387,2022-03-15 20:00:00,0.5873648864605616
388,2022-03-16 20:00:00,0.627575086665188
389,2022-03-17 20:00:00,0.6073626840890333
390,2022-03-18 20:00:00,0.6766797558074285
391,2022-03-19 20:00:00,0.6663414965384232
392,2022-03-20 20:00:00,0.6415361985810035
393,2022-03-21 20:00:00,0.6397665060615408
394,2022-03-22 20:00:00,0.6643362664457564
395,2022-03-23 20:00:00,0.6940965536924004
396,2022-03-24 20:00:00,0.7021764036817758
397,2022-03-25 20:00:00,0.6704854998940839
398,2022-03-26 20:00:00,0.6956852958188576
399,2022-03-27 20:00:00,0.732284628510297
400,2022-03-28 20:00:00,0.747530876099158
401,2022-03-29 20:00:00,0.7829308536979137
402,2022-03-30 20:00:00,0.7973189285096397
403,2022-03-31 20:00:00,0.8137278041531187
404,2022-04-01 20:00:00,0.8764520030470696
405,2022-04-02 20:00:00,0.8382015072389669
406,2022-04-03 20:00:00,0.8678730563698027
407,2022-04-04 20:00:00,0.8301824010369495
408,2022-04-05 20:00:00,0.7724223542473465
409,2022-04-06 20:00:00,0.7320925772973481
410,2022-04-07 20:00:00,0.765537574762789
411,2022-04-08 20:00:00,0.7149692523161301
412,2022-04-09 20:00:00,0.728106983444863
413,2022-04-10 20:00:00,0.6951429469943388
414,2022-04-11 20:00:00,0.6072542315008226
415,2022-04-12 20:00:00,0.6375514661466559
416,2022-04-13 20:00:00,0.6551136829336686
417,2022-04-14 20:00:00,0.6266223435651849
418,2022-04-15 20:00:00,0.6454930874876184
419,2022-04-16 20:00:00,0.6647644053576066
420,2022-04-17 20:00:00,0.6193641276586174
421,2022-04-18 20:00:00,0.6307694622344813
422,2022-04-19 20:00:00,0.6435935706165781
423,2022-04-20 20:00:00,0.6279849716696357
424,2022-04-21 20:00:00,0.6340140768024902
425,2022-04-22 20:00:00,0.5944449049206516
426,2022-04-23 20:00:00,0.5828738275489258
427,2022-04-24 20:00:00,0.5750968603886479
428,2022-04-25 20:00:00,0.5606592730386116
429,2022-04-26 20:00:00,0.5040236996996632
430,2022-04-27 20:00:00,0.5134038078271925
431,2022-04-28 20:00:00,0.5097061561472574
432,2022-04-29 20:00:00,0.46513350838621786
433,2022-04-30 20:00:00,0.41405745581174047
434,2022-05-01 20:00:00,0.4287583145496535
435,2022-05-02 20:00:00,0.42694411012060574
436,2022-05-03 20:00:00,0.4168839890515357
437,2022-05-04 20:00:00,0.45882399854793865
438,2022-05-05 20:00:00,0.4106509680380682
439,2022-05-06 20:00:00,0.39700565330354176
440,2022-05-07 20:00:00,0.3709617164585509
441,2022-05-08 20:00:00,0.3544897451265059
442,2022-05-09 20:00:00,0.2878536150035188
443,2022-05-10 20:00:00,0.3066857056338008
444,2022-05-11 20:00:00,0.18633587110231498
445,2022-05-12 20:00:00,0.1714637472883384
446,2022-05-13 20:00:00,0.19564058686906147
447,2022-05-14 20:00:00,0.19705376841974526
448,2022-05-15 20:00:00,0.21726258247636904
449,2022-05-16 20:00:00,0.1940833501156266
450,2022-05-17 20:00:00,0.2101636246875427
451,2022-05-18 20:00:00,0.18453182174633595
452,2022-05-19 20:00:00,0.20568829240130765
453,2022-05-20 20:00:00,0.19113245135959558
454,2022-05-21 20:00:00,0.19992759555782366
455,2022-05-22 20:00:00,0.21095762979244306
456,2022-05-23 20:00:00,0.20933820836719663
457,2022-05-24 20:00:00,0.2196780218586734
458,2022-05-25 20:00:00,0.212192357706083
459,2022-05-26 20:00:00,0.19028624938799515
460,2022-05-27 20:00:00,0.17603676251029507
461,2022-05-28 20:00:00,0.1828568648224174
462,2022-05-29 20:00:00,0.20654646055438816
463,2022-05-30 20:00:00,0.21537865977891552
464,2022-05-31 20:00:00,0.23178891342650948
465,2022-06-01 20:00:00,0.20029200756537469
466,2022-06-02 20:00:00,0.20978898869686824
467,2022-06-03 20:00:00,0.1940399435165827
468,2022-06-04 20:00:00,0.1999118501147016
469,2022-06-05 20:00:00,0.2021067704421854
470,2022-06-06 20:00:00,0.2025563343397561
471,2022-06-07 20:00:00,0.19901742362281297
472,2022-06-08 20:00:00,0.19229103570528572
473,2022-06-09 20:00:00,0.19057715089198807
474,2022-06-10 20:00:00,0.1777231035481994
475,2022-06-11 20:00:00,0.1628221473307448
476,2022-06-12 20:00:00,0.1512282638663191
477,2022-06-13 20:00:00,0.1322824837160371
478,2022-06-14 20:00:00,0.1382773715367324
479,2022-06-15 20:00:00,0.1415879096701962
480,2022-06-16 20:00:00,0.1254735124976214
481,2022-06-17 20:00:00,0.12920347717317107
482,2022-06-18 20:00:00,0.12104839580961767
483,2022-06-19 20:00:00,0.1541849810452634
484,2022-06-20 20:00:00,0.14402654535160725
485,2022-06-21 20:00:00,0.14110623272281134
486,2022-06-22 20:00:00,0.13213900404804052
487,2022-06-23 20:00:00,0.14118690237542345
488,2022-06-24 20:00:00,0.1470850622161601
489,2022-06-25 20:00:00,0.15286905720547203
490,2022-06-26 20:00:00,0.1431684966719526
491,2022-06-27 20:00:00,0.14518481544839437
492,2022-06-28 20:00:00,0.13374941261330375
493,2022-06-29 20:00:00,0.1266983553866337
494,2022-06-30 20:00:00,0.1221150079305184
495,2022-07-01 20:00:00,0.12229278613903735
496,2022-07-02 20:00:00,0.12379664940018435
497,2022-07-03 20:00:00,0.12225583216816925
498,2022-07-04 20:00:00,0.12454356988470991
499,2022-07-05 20:00:00,0.12037329581494094
500,2022-07-06 20:00:00,0.12707970603718605
501,2022-07-07 20:00:00,0.13353555590218646
502,2022-07-08 20:00:00,0.13048320764168472
503,2022-07-09 20:00:00,0.13275624876810305
504,2022-07-10 20:00:00,0.12470183507200024
505,2022-07-11 20:00:00,0.11925053753433393
506,2022-07-12 20:00:00,0.11642364437653904
507,2022-07-13 20:00:00,0.12279993253669284
508,2022-07-14 20:00:00,0.1300996979848486
509,2022-07-15 20:00:00,0.12906794322694884
510,2022-07-16 20:00:00,0.13722853080299555
511,2022-07-17 20:00:00,0.13339769767047854
512,2022-07-18 20:00:00,0.1460029675597041
513,2022-07-19 20:00:00,0.14601330820637065
514,2022-07-20 20:00:00,0.13471166416748986
515,2022-07-21 20:00:00,0.139829745269759
516,2022-07-22 20:00:00,0.16626896605135713
517,2022-07-23 20:00:00,0.15993262122634477
518,2022-07-24 20:00:00,0.15825526072070542
519,2022-07-25 20:00:00,0.14020982855353253
520,2022-07-26 20:00:00,0.1448193537006745
521,2022-07-27 20:00:00,0.1527211267592455
522,2022-07-28 20:00:00,0.16012506551673994
523,2022-07-29 20:00:00,0.17369684850198552
524,2022-07-30 20:00:00,0.16625576349574805
525,2022-07-31 20:00:00,0.16679705265760586
526,2022-08-01 20:00:00,0.16542288535339236
527,2022-08-02 20:00:00,0.1637070091493927
528,2022-08-03 20:00:00,0.16280265646471404
529,2022-08-04 20:00:00,0.1604129701935676
530,2022-08-05 20:00:00,0.17692147305181372
531,2022-08-06 20:00:00,0.16964427427850598
532,2022-08-07 20:00:00,0.17744787432794484
533,2022-08-08 20:00:00,0.17564659402017663
534,2022-08-09 20:00:00,0.173807085250695
535,2022-08-10 20:00:00,0.1796706229086071
536,2022-08-11 20:00:00,0.17749590164819817
537,2022-08-12 20:00:00,0.18238714292687264
538,2022-08-13 20:00:00,0.18156229850310285
539,2022-08-14 20:00:00,0.17769997553359404
540,2022-08-15 20:00:00,0.1766080478606606
541,2022-08-16 20:00:00,0.16986404175391134
542,2022-08-17 20:00:00,0.15867059038464756
543,2022-08-18 20:00:00,0.15961213862595136
544,2022-08-19 20:00:00,0.13918110098961853
545,2022-08-20 20:00:00,0.13936488762130714
546,2022-08-21 20:00:00,0.14483418063932102
547,2022-08-22 20:00:00,0.1411274049010908
548,2022-08-23 20:00:00,0.14297404071572306
549,2022-08-24 20:00:00,0.14202868946171257
550,2022-08-25 20:00:00,0.1435255890039622
551,2022-08-26 20:00:00,0.13076105520644993
552,2022-08-27 20:00:00,0.13280147945799214
553,2022-08-28 20:00:00,0.13290974070291392
554,2022-08-29 20:00:00,0.1409704957454667
555,2022-08-30 20:00:00,0.13552401430328967
556,2022-08-31 20:00:00,0.13618240861098518
557,2022-09-01 20:00:00,0.1375735321739209
558,2022-09-02 20:00:00,0.1370446753636959
559,2022-09-03 20:00:00,0.13695903775357302
560,2022-09-04 20:00:00,0.13856041132213556
561,2022-09-05 20:00:00,0.13841051746262284
562,2022-09-06 20:00:00,0.13131910491166376
563,2022-09-07 20:00:00,0.1348320340783305
564,2022-09-08 20:00:00,0.136414815720747
565,2022-09-09 20:00:00,0.14143959576493997
566,2022-09-10 20:00:00,0.14475399234891032
567,2022-09-11 20:00:00,0.1438635546458104
568,2022-09-12 20:00:00,0.14185041307137136
569,2022-09-13 20:00:00,0.1346551592178012
570,2022-09-14 20:00:00,0.1361367685375369
571,2022-09-15 20:00:00,0.12991036665852432
572,2022-09-16 20:00:00,0.13075151692352893
573,2022-09-17 20:00:00,0.13687822913929384
574,2022-09-18 20:00:00,0.12391741522868882
575,2022-09-19 20:00:00,0.1257876370581536
576,2022-09-20 20:00:00,0.1213538794808165
577,2022-09-21 20:00:00,0.11937525517296976
578,2022-09-22 20:00:00,0.12497678294415886
579,2022-09-23 20:00:00,0.12668435703568323
580,2022-09-24 20:00:00,0.12475219423599213
581,2022-09-25 20:00:00,0.12168242921069444
582,2022-09-26 20:00:00,0.1244508286876134
583,2022-09-27 20:00:00,0.12352705559340602
584,2022-09-28 20:00:00,0.12468960836946208
585,2022-09-29 20:00:00,0.12922366063432247
586,2022-09-30 20:00:00,0.1285406955129672
587,2022-10-01 20:00:00,0.1284498168483824
588,2022-10-02 20:00:00,0.12515602047905786
589,2022-10-03 20:00:00,0.13112085472517218
590,2022-10-04 20:00:00,0.1309113169785357
591,2022-10-05 20:00:00,0.1305765507105164
592,2022-10-06 20:00:00,0.12981303456669965
593,2022-10-07 20:00:00,0.12763580264983163
594,2022-10-08 20:00:00,0.1262824429222613
595,2022-10-09 20:00:00,0.1263744448321985
596,2022-10-10 20:00:00,0.12399130060533955
597,2022-10-11 20:00:00,0.12115733120696683
598,2022-10-12 20:00:00,0.12093894798587942
599,2022-10-13 20:00:00,0.12064352732250692
600,2022-10-14 20:00:00,0.12076958302778873
601,2022-10-15 20:00:00,0.12220953372120737
602,2022-10-16 20:00:00,0.12459214244349325
603,2022-10-17 20:00:00,0.12507513067282172
604,2022-10-18 20:00:00,0.12298949748170095
605,2022-10-19 20:00:00,0.11838657132919453
606,2022-10-20 20:00:00,0.11913057786651797
607,2022-10-21 20:00:00,0.12190562309029244
608,2022-10-22 20:00:00,0.12293643562096737
609,2022-10-23 20:00:00,0.12440935310984381
610,2022-10-24 20:00:00,0.12229982936220234
611,2022-10-25 20:00:00,0.12467958806368955
612,2022-10-26 20:00:00,0.1295010650689755
613,2022-10-27 20:00:00,0.125259232865991
614,2022-10-28 20:00:00,0.12748174402459866
615,2022-10-29 20:00:00,0.12874775568166438
616,2022-10-30 20:00:00,0.12869750208304176
617,2022-10-31 20:00:00,0.13188165966895102
618,2022-11-01 20:00:00,0.1409873677533093
619,2022-11-02 20:00:00,0.13023583716131878
620,2022-11-03 20:00:00,0.1321058621679688
621,2022-11-04 20:00:00,0.14245820628238384
622,2022-11-05 20:00:00,0.14396341323807926
623,2022-11-06 19:00:00,0.1389568629575491
624,2022-11-07 19:00:00,0.13771224363055876
625,2022-11-08 19:00:00,0.11611758385386374
626,2022-11-09 19:00:00,0.10186432737927338
627,2022-11-10 19:00:00,0.11122060384503334
628,2022-11-11 19:00:00,0.10311264661194423
629,2022-11-12 19:00:00,0.10094527066757536
630,2022-11-13 19:00:00,0.0983598801515811
631,2022-11-14 19:00:00,0.0969057880253175
632,2022-11-15 19:00:00,0.10025143309708333
633,2022-11-16 19:00:00,0.09709207041195887
634,2022-11-17 19:00:00,0.09690603912805139
635,2022-11-18 19:00:00,0.0970607692670777
636,2022-11-19 19:00:00,0.09732846009228632
637,2022-11-20 19:00:00,0.09137075819875821
638,2022-11-21 19:00:00,0.08811923587671734
639,2022-11-22 19:00:00,0.09125548151068705
640,2022-11-23 19:00:00,0.09678990504403616
641,2022-11-24 19:00:00,0.09462243732012318
642,2022-11-25 19:00:00,0.09442898843907002
643,2022-11-26 19:00:00,0.0968575423367309
644,2022-11-27 19:00:00,0.09944884071494309
645,2022-11-28 19:00:00,0.09799983149819279
646,2022-11-29 19:00:00,0.11289795850308265
647,2022-11-30 19:00:00,0.11114818568014269
648,2022-12-01 19:00:00,0.10611156260786835
649,2022-12-02 19:00:00,0.10741628327721396
650,2022-12-03 19:00:00,0.1025070559096991
651,2022-12-04 19:00:00,0.10490477892773745
652,2022-12-05 19:00:00,0.10259239174449529
653,2022-12-06 19:00:00,0.10235037096745171
654,2022-12-07 19:00:00,0.09797332797670423
655,2022-12-08 19:00:00,0.1015255170800442
656,2022-12-09 19:00:00,0.10137205510119626
657,2022-12-10 19:00:00,0.10168223828118624
658,2022-12-11 19:00:00,0.09938689137541355
659,2022-12-12 19:00:00,0.09633767218080892
660,2022-12-13 19:00:00,0.09720859331608116
661,2022-12-14 19:00:00,0.09684836513373161
662,2022-12-15 19:00:00,0.09409548773785643
663,2022-12-16 19:00:00,0.08543851496733278
664,2022-12-17 19:00:00,0.08919934284044745
665,2022-12-18 19:00:00,0.08824900367040966
666,2022-12-19 19:00:00,0.08381847941627686
667,2022-12-20 19:00:00,0.08586748925047884
668,2022-12-21 19:00:00,0.0850908854076462
669,2022-12-22 19:00:00,0.08493459824112858
670,2022-12-23 19:00:00,0.08658289300361129
671,2022-12-24 19:00:00,0.08679698200765362
672,2022-12-25 19:00:00,0.08434264306873304
673,2022-12-26 19:00:00,0.08543452581112974
674,2022-12-27 19:00:00,0.08467708573297406
675,2022-12-28 19:00:00,0.0809941525161237
676,2022-12-29 19:00:00,0.08214940672028849
677,2022-12-30 19:00:00,0.07995593563705612
678,2022-12-31 19:00:00,0.07971606073866366
679,2023-01-01 19:00:00,0.08058918333536806
680,2023-01-02 19:00:00,0.0828043631770695
681,2023-01-03 19:00:00,0.0829449083308804
682,2023-01-04 19:00:00,0.08502256800006637
683,2023-01-05 19:00:00,0.08454011137651765
684,2023-01-06 19:00:00,0.08656891998188737
685,2023-01-07 19:00:00,0.08529406278692085
686,2023-01-08 19:00:00,0.0883195220055072
687,2023-01-09 19:00:00,0.08832167309817204
688,2023-01-10 19:00:00,0.09091561857071769
689,2023-01-11 19:00:00,0.09308121101006302
690,2023-01-12 19:00:00,0.0940900486681917
691,2023-01-13 19:00:00,0.09678060686041112
692,2023-01-14 19:00:00,0.09916213040641866
693,2023-01-15 19:00:00,0.10346500030479516
694,2023-01-16 19:00:00,0.1002398107286383
695,2023-01-17 19:00:00,0.10299918529147424
696,2023-01-18 19:00:00,0.0954370327266625
697,2023-01-19 19:00:00,0.09858861382704151
698,2023-01-20 19:00:00,0.10438346703855989
699,2023-01-21 19:00:00,0.1044905677168423
700,2023-01-22 19:00:00,0.10435787774110986
701,2023-01-23 19:00:00,0.11074719519726028
702,2023-01-24 19:00:00,0.11090222417849496
703,2023-01-25 19:00:00,0.11670487098307647
704,2023-01-26 19:00:00,0.11882621357133456
705,2023-01-27 19:00:00,0.12001846837145452
706,2023-01-28 19:00:00,0.13366661357119375
707,2023-01-29 19:00:00,0.1326402471537232
708,2023-01-30 19:00:00,0.12072992344692622
709,2023-01-31 19:00:00,0.12308821695207556
710,2023-02-01 19:00:00,0.12693478602598446
711,2023-02-02 19:00:00,0.13051985982560346
712,2023-02-03 19:00:00,0.14017983636768586
713,2023-02-04 19:00:00,0.14229342999406702
714,2023-02-05 19:00:00,0.13654399299303518
715,2023-02-06 19:00:00,0.13703409727094537
716,2023-02-07 19:00:00,0.1462039701434959
717,2023-02-08 19:00:00,0.1430689336740266
718,2023-02-09 19:00:00,0.1290484637701246
719,2023-02-10 19:00:00,0.1302899099024519
720,2023-02-11 19:00:00,0.1344946418385674
721,2023-02-12 19:00:00,0.12904884839072556
722,2023-02-13 19:00:00,0.12493306381348061
723,2023-02-14 19:00:00,0.13622165267343259
724,2023-02-15 19:00:00,0.14160407439271086
725,2023-02-16 19:00:00,0.14148149444956862
726,2023-02-17 19:00:00,0.1506029342931246
727,2023-02-18 19:00:00,0.15152479409116104
728,2023-02-19 19:00:00,0.15157092244807804
729,2023-02-20 19:00:00,0.17157318143476563
730,2023-02-21 19:00:00,0.16259725871711694
731,2023-02-22 19:00:00,0.16072900826477404
732,2023-02-23 19:00:00,0.16460662646843713
733,2023-02-24 19:00:00,0.15412707524166724
734,2023-02-25 19:00:00,0.15413601267412472
735,2023-02-26 19:00:00,0.15605595515480242
736,2023-02-27 19:00:00,0.15171167020468287
737,2023-02-28 19:00:00,0.14411979558262555
738,2023-03-01 19:00:00,0.14951979336997168
739,2023-03-02 19:00:00,0.14201026770533953
740,2023-03-03 19:00:00,0.12922828408222242
741,2023-03-04 19:00:00,0.1282002036445011
742,2023-03-05 19:00:00,0.12776589056006593
743,2023-03-06 19:00:00,0.12851792977278556
744,2023-03-07 19:00:00,0.12496112434739512
745,2023-03-08 19:00:00,0.11794156640134328
746,2023-03-09 19:00:00,0.10743909351706418
747,2023-03-10 19:00:00,0.10560838045316058
748,2023-03-11 19:00:00,0.10567565004390725
749,2023-03-12 20:00:00,0.11315255227755251
750,2023-03-13 20:00:00,0.11957204017274577
751,2023-03-14 20:00:00,0.1256438456905991
752,2023-03-15 20:00:00,0.11872192841326389
753,2023-03-16 20:00:00,0.12308911342844768
754,2023-03-17 20:00:00,0.12869686615001477
755,2023-03-18 20:00:00,0.1250874041956266
756,2023-03-19 20:00:00,0.1262695983598094
757,2023-03-20 20:00:00,0.1210261247740518
758,2023-03-21 20:00:00,0.12237304032854988
759,2023-03-22 20:00:00,0.11679062616014489
760,2023-03-23 20:00:00,0.12172331232959685
761,2023-03-24 20:00:00,0.11855927502695146
762,2023-03-25 20:00:00,0.1187594650452123
763,2023-03-26 20:00:00,0.12181499792505937
764,2023-03-27 20:00:00,0.1179583697011705
765,2023-03-28 20:00:00,0.120487813257546
766,2023-03-29 20:00:00,0.12822893876873287
767,2023-03-30 20:00:00,0.13552893152004025
768,2023-03-31 20:00:00,0.1339917543257295
769,2023-04-01 20:00:00,0.13365625104737955
770,2023-04-02 20:00:00,0.1281992794619376
771,2023-04-03 20:00:00,0.12846364306611002
772,2023-04-04 20:00:00,0.13460700007084758
773,2023-04-05 20:00:00,0.138591339668329
774,2023-04-06 20:00:00,0.1330631264462253
775,2023-04-07 20:00:00,0.13301481661677647
776,2023-04-08 20:00:00,0.13987510385042737
777,2023-04-09 20:00:00,0.13921828333525352
778,2023-04-10 20:00:00,0.1418577058402507
779,2023-04-11 20:00:00,0.14253709775314138
780,2023-04-12 20:00:00,0.1382615443872948
781,2023-04-13 20:00:00,0.14350534224622236
782,2023-04-14 20:00:00,0.1457262723252372
783,2023-04-15 20:00:00,0.14340747097554546
784,2023-04-16 20:00:00,0.144704424371439
785,2023-04-17 20:00:00,0.13979482588223127
786,2023-04-18 20:00:00,0.18556732129975656
787,2023-04-19 20:00:00,0.1662076552585774
788,2023-04-20 20:00:00,0.1578042237549118
789,2023-04-21 20:00:00,0.16974724808134684
790,2023-04-22 20:00:00,0.1723646614799591
791,2023-04-23 20:00:00,0.1604301041308742
792,2023-04-24 20:00:00,0.15919393709032983
793,2023-04-25 20:00:00,0.15426518002637224
794,2023-04-26 20:00:00,0.14902566854554933
795,2023-04-27 20:00:00,0.1525457388119767
796,2023-04-28 20:00:00,0.14961020575424333
797,2023-04-29 20:00:00,0.14764487223014655
798,2023-04-30 20:00:00,0.1467748092366691
799,2023-05-01 20:00:00,0.1393405890451861
800,2023-05-02 20:00:00,0.17480745308138734
801,2023-05-03 20:00:00,0.1592169655394168
802,2023-05-04 20:00:00,0.1479995482836287
803,2023-05-05 20:00:00,0.14786038865410328
804,2023-05-06 20:00:00,0.1423472096945647
805,2023-05-07 20:00:00,0.15435450824987754
806,2023-05-08 20:00:00,0.13747982772575804
807,2023-05-09 20:00:00,0.13935092216512968
808,2023-05-10 20:00:00,0.13650250753053209
809,2023-05-11 20:00:00,0.12419962990294733
810,2023-05-12 20:00:00,0.12714856340060401
811,2023-05-13 20:00:00,0.12259012124893212
812,2023-05-14 20:00:00,0.12352020333566932
813,2023-05-15 20:00:00,0.12585904944998857
814,2023-05-16 20:00:00,0.14693430730667598
815,2023-05-17 20:00:00,0.1409563708745504
816,2023-05-18 20:00:00,0.14343297335418742
817,2023-05-19 20:00:00,0.14009611416397222
818,2023-05-20 20:00:00,0.14003877398514752
819,2023-05-21 20:00:00,0.1349856102616952
820,2023-05-22 20:00:00,0.13494434643732664
821,2023-05-23 20:00:00,0.14280404130468755
822,2023-05-24 20:00:00,0.13222529707264147
823,2023-05-25 20:00:00,0.12963931520555397
824,2023-05-26 20:00:00,0.13164189961560438
825,2023-05-27 20:00:00,0.13141308737102625
826,2023-05-28 20:00:00,0.13461207753821797
827,2023-05-29 20:00:00,0.145729315401809
828,2023-05-30 20:00:00,0.1454740334496745
829,2023-05-31 20:00:00,0.1479161881416805
830,2023-06-01 20:00:00,0.14307540937557844
831,2023-06-02 20:00:00,0.1464032190336039
832,2023-06-03 20:00:00,0.15288218249895993
833,2023-06-04 20:00:00,0.146450771580211
834,2023-06-05 20:00:00,0.13704395476039324
835,2023-06-06 20:00:00,0.138653882893083
836,2023-06-07 20:00:00,0.12799353104988112
837,2023-06-08 20:00:00,0.1315264097779225
838,2023-06-09 20:00:00,0.12310834707340576
839,2023-06-10 20:00:00,0.10879137220129881
840,2023-06-11 20:00:00,0.11094927616785395
841,2023-06-12 20:00:00,0.10780127504808168
842,2023-06-13 20:00:00,0.10953228524097128
843,2023-06-14 20:00:00,0.10309276390027644
844,2023-06-15 20:00:00,0.1031666605518816
845,2023-06-16 20:00:00,0.10939035227014389
846,2023-06-17 20:00:00,0.10850133733711903
847,2023-06-18 20:00:00,0.10464533607482142
848,2023-06-19 20:00:00,0.10586270234464143
849,2023-06-20 20:00:00,0.10965604103683395
850,2023-06-21 20:00:00,0.11373725383358838
851,2023-06-22 20:00:00,0.11451110924290377
852,2023-06-23 20:00:00,0.11672651336473977
853,2023-06-24 20:00:00,0.1141118766634492
854,2023-06-25 20:00:00,0.11457397949648905
855,2023-06-26 20:00:00,0.11140991200894906
856,2023-06-27 20:00:00,0.11387660900702484
857,2023-06-28 20:00:00,0.10854551085286347
858,2023-06-29 20:00:00,0.10976758861271382
859,2023-06-30 20:00:00,0.11242856811934661
860,2023-07-01 20:00:00,0.11314385444818534
861,2023-07-02 20:00:00,0.10991074628547688
862,2023-07-03 20:00:00,0.11339780350932396
863,2023-07-04 20:00:00,0.11801249288870315
864,2023-07-05 20:00:00,0.11134059908334035
865,2023-07-06 20:00:00,0.10854661549840675
866,2023-07-07 20:00:00,0.10919395832488582
867,2023-07-08 20:00:00,0.1106582638514955
868,2023-07-09 20:00:00,0.11009340853161857
869,2023-07-10 20:00:00,0.10959111177585013
870,2023-07-11 20:00:00,0.10794873964798528
871,2023-07-12 20:00:00,0.110083413189972
872,2023-07-13 20:00:00,0.11446823311096166
873,2023-07-14 20:00:00,0.11006564280164262
874,2023-07-15 20:00:00,0.11107348359892905
875,2023-07-16 20:00:00,0.10749245351678614
876,2023-07-17 20:00:00,0.10678561082535823
877,2023-07-18 20:00:00,0.10571019772764388
878,2023-07-19 20:00:00,0.10308346971391982
879,2023-07-20 20:00:00,0.10154866533272595
880,2023-07-21 20:00:00,0.10167464275668588
881,2023-07-22 20:00:00,0.09981600599903136
882,2023-07-23 20:00:00,0.10940860188707886
883,2023-07-24 20:00:00,0.09926515128318592
884,2023-07-25 20:00:00,0.10024033650015099
885,2023-07-26 20:00:00,0.10064586488430922
886,2023-07-27 20:00:00,0.10216841939648352
887,2023-07-28 20:00:00,0.10174645157404692
888,2023-07-29 20:00:00,0.10124989123960368
889,2023-07-30 20:00:00,0.09854506555802785
890,2023-07-31 20:00:00,0.09444928801817885
891,2023-08-01 20:00:00,0.0954443778839323
892,2023-08-02 20:00:00,0.0906046155588263
893,2023-08-03 20:00:00,0.08971749209562181
894,2023-08-04 20:00:00,0.08859830712908527
895,2023-08-05 20:00:00,0.09082938770399637
896,2023-08-06 20:00:00,0.09000378740190348
897,2023-08-07 20:00:00,0.08886013958150832
898,2023-08-08 20:00:00,0.09080273533370564
899,2023-08-09 20:00:00,0.09087904112812546
900,2023-08-10 20:00:00,0.09382817155773977
901,2023-08-11 20:00:00,0.09232325973848392
902,2023-08-12 20:00:00,0.09223905464488395
903,2023-08-13 20:00:00,0.09512481647194491
904,2023-08-14 20:00:00,0.09905838200619896
905,2023-08-15 20:00:00,0.09372018960554784
906,2023-08-16 20:00:00,0.08665627886559257
907,2023-08-17 20:00:00,0.08217806402095598
908,2023-08-18 20:00:00,0.08339945771776244
909,2023-08-19 20:00:00,0.08362671967741989
910,2023-08-20 20:00:00,0.08509466699733192
911,2023-08-21 20:00:00,0.08183664804749083
912,2023-08-22 20:00:00,0.08041624131306559
913,2023-08-23 20:00:00,0.082437223807889
914,2023-08-24 20:00:00,0.08020279235106008
915,2023-08-25 20:00:00,0.0809236328803707
916,2023-08-26 20:00:00,0.08003776350425768
917,2023-08-27 20:00:00,0.07896626230515913
918,2023-08-28 20:00:00,0.07844586179399118
919,2023-08-29 20:00:00,0.08066236902261956
920,2023-08-30 20:00:00,0.08057341422086652
921,2023-08-31 20:00:00,0.07799449826738376
922,2023-09-01 20:00:00,0.07740796430211859
923,2023-09-02 20:00:00,0.08225082302722929
924,2023-09-03 20:00:00,0.07979215174698905
925,2023-09-04 20:00:00,0.08102388842414826
926,2023-09-05 20:00:00,0.0823599569817596
927,2023-09-06 20:00:00,0.0810325429632922
928,2023-09-07 20:00:00,0.08283676641924878
929,2023-09-08 20:00:00,0.08572020789530355
930,2023-09-09 20:00:00,0.08379885801942552
931,2023-09-10 20:00:00,0.0800950326414269
932,2023-09-11 20:00:00,0.07724271211297372
933,2023-09-12 20:00:00,0.07655500792383772
934,2023-09-13 20:00:00,0.07836476444141027
935,2023-09-14 20:00:00,0.07853048547469038
936,2023-09-15 20:00:00,0.07908207671525234
937,2023-09-16 20:00:00,0.08210300953843683
938,2023-09-17 20:00:00,0.08177144877361904
939,2023-09-18 20:00:00,0.08125327619820083
940,2023-09-19 20:00:00,0.08113595277283235
941,2023-09-20 20:00:00,0.08077751667339599
942,2023-09-21 20:00:00,0.07794063408426594
943,2023-09-22 20:00:00,0.08020626894974028
944,2023-09-23 20:00:00,0.07944185804647609
945,2023-09-24 20:00:00,0.0771445268122466
946,2023-09-25 20:00:00,0.07787638557773852
947,2023-09-26 20:00:00,0.07653974856223383
948,2023-09-27 20:00:00,0.07695572606602129
949,2023-09-28 20:00:00,0.07762925422079912
950,2023-09-29 20:00:00,0.07870153552156209
951,2023-09-30 20:00:00,0.08214019161343587
952,2023-10-01 20:00:00,0.08262062054795916
953,2023-10-02 20:00:00,0.0800862883928778
954,2023-10-03 20:00:00,0.07833957671688122
955,2023-10-04 20:00:00,0.07793188873285002
956,2023-10-05 20:00:00,0.07631639456789227
957,2023-10-06 20:00:00,0.07819745303132512
958,2023-10-07 20:00:00,0.07781479248715283
959,2023-10-08 20:00:00,0.07726622935264249
960,2023-10-09 20:00:00,0.07305180690235565
961,2023-10-10 20:00:00,0.0728837208444348
962,2023-10-11 20:00:00,0.08129069576528156
963,2023-10-12 20:00:00,0.07312788943091555
964,2023-10-13 20:00:00,0.07326596293960204
965,2023-10-14 20:00:00,0.07261790050846711
966,2023-10-15 20:00:00,0.07327933207321051
967,2023-10-16 20:00:00,0.07471588910448267
968,2023-10-17 20:00:00,0.07338372880837991
969,2023-10-18 20:00:00,0.07232604615179249
970,2023-10-19 20:00:00,0.07139055578323422
971,2023-10-20 20:00:00,0.07302083611705353
972,2023-10-21 20:00:00,0.0743946242254555
973,2023-10-22 20:00:00,0.0750663947030409
974,2023-10-23 20:00:00,0.07846786039945548
975,2023-10-24 20:00:00,0.0801662435862691
976,2023-10-25 20:00:00,0.07962900651261094
977,2023-10-26 20:00:00,0.08043759120724805
978,2023-10-27 20:00:00,0.08036607388859357
979,2023-10-28 20:00:00,0.08383500505694981
980,2023-10-29 20:00:00,0.08356964799627763
981,2023-10-30 20:00:00,0.08398225087213686
982,2023-10-31 20:00:00,0.0831003224668223
983,2023-11-01 20:00:00,0.08494721036785677
984,2023-11-02 20:00:00,0.08492439476831508
985,2023-11-03 20:00:00,0.08454559374186224
986,2023-11-04 20:00:00,0.08735356075862834
987,2023-11-05 19:00:00,0.08926832439423958
988,2023-11-06 19:00:00,0.09412462332574975
989,2023-11-07 19:00:00,0.09263303830707664
990,2023-11-08 19:00:00,0.09527831542072052
991,2023-11-09 19:00:00,0.09843631499572425
992,2023-11-10 19:00:00,0.09955419435540616
993,2023-11-11 19:00:00,0.1340966263764879
994,2023-11-12 19:00:00,0.11878367926126612
995,2023-11-13 19:00:00,0.10979022053857052
996,2023-11-14 19:00:00,0.1118994049045547
997,2023-11-15 19:00:00,0.12208055476194016
998,2023-11-16 19:00:00,0.11854165860324883
999,2023-11-17 19:00:00,0.11714799166078088
1000,2023-11-18 19:00:00,0.12771797615509273
1001,2023-11-19 19:00:00,0.12592753512763435
1002,2023-11-20 19:00:00,0.15502035933746
1003,2023-11-21 19:00:00,0.16738457314802543
1004,2023-11-22 19:00:00,0.1717332735611271
1005,2023-11-23 19:00:00,0.24299233062739553
1006,2023-11-24 19:00:00,0.22163033549261782
1007,2023-11-25 19:00:00,0.36450629786621264
1008,2023-11-26 19:00:00,0.4013083872269893
1009,2023-11-27 19:00:00,0.3417488408130657
1010,2023-11-28 19:00:00,0.406356679740578
1011,2023-11-29 19:00:00,0.3608241917281533
1012,2023-11-30 19:00:00,0.3571786211290721
1013,2023-12-01 19:00:00,0.37464163069515355
1014,2023-12-02 19:00:00,0.45562480932197513
1015,2023-12-03 19:00:00,0.543523848190754
1016,2023-12-04 19:00:00,0.7113316654285873
1017,2023-12-05 19:00:00,0.6661835706309857
1018,2023-12-06 19:00:00,0.5968827558483165
1019,2023-12-07 19:00:00,0.5683618583244681
1020,2023-12-08 19:00:00,0.6192838330693297
1021,2023-12-09 19:00:00,0.6056085045935679
1022,2023-12-10 19:00:00,0.6133372457815053
1023,2023-12-11 19:00:00,0.5653808319733391
1024,2023-12-12 19:00:00,0.5523801126289588
1025,2023-12-13 19:00:00,0.6122221443615615
1026,2023-12-14 19:00:00,0.6373990747916418
1027,2023-12-15 19:00:00,0.563534985188129
1028,2023-12-16 19:00:00,0.5852142816840555
1029,2023-12-17 19:00:00,0.558278426997418
1030,2023-12-18 19:00:00,0.5737121545999303
1031,2023-12-19 19:00:00,0.5763336991789897
1032,2023-12-20 19:00:00,0.5954988208086237
1033,2023-12-21 19:00:00,0.5824777572889703
1034,2023-12-22 19:00:00,0.6999901945601382
1035,2023-12-23 19:00:00,0.6731067519399505
1036,2023-12-24 19:00:00,0.6912570427733323
1037,2023-12-25 19:00:00,0.6951747630548238
1038,2023-12-26 19:00:00,0.6895171288653951
1039,2023-12-27 19:00:00,0.6778812319466927
1040,2023-12-28 19:00:00,0.6703438002359383
1041,2023-12-29 19:00:00,0.646968469155607
1042,2023-12-30 19:00:00,0.6241575729591009
1043,2023-12-31 19:00:00,0.6071447491069221
1044,2024-01-01 19:02:05,0.6663618299094582
